ReferenceCode,Name,FlightCode,Status,LuggageSize,LuggageWeight,Priority
RTZG51954,Y s,SBW932,false,11 * 4 * 5,18.0,3
IRSW63971,Luttrd hx,OEV739,true,1 * 3 * 1,4.0,1
ELPQ40376,Wmuygti o,CZP990,false,4 * 15 * 10,23.9,1
SQXJ84539,S,UPQ932,true,1 * 2 * 3,0.4,3
OYPI49234,Ss awj,WAC634,true,1 * 3 * 1,3.1,3
AUEI47067,Kpp veplje,UPQ932,true,1 * 1 * 2,1.5,1
IEON41745,Vsi ojcnc,CZP990,false,14 * 11 * 10,26.2,2
LTXC98864,Svuwo rm,UPQ932,false,15 * 10 * 14,19.1,3
WLCO74327,Pink m,EAI686,false,8 * 4 * 12,29.7,1
GRDV64918,Ge s,WAC634,true,3 * 2 * 1,3.3,1
SRPH57251,Jezzurwvt k,SBW932,true,2 * 3 * 1,4.8,1
ALSC87280,P es,OEV739,true,2 * 1 * 2,2.0,3
NHUL35347,F rp,XFB769,false,13 * 12 * 5,29.4,3
VLOY05164,U nwdkbho,DFL476,false,14 * 12 * 14,14.1,3
QCNC27805,Hkiuznlv yp,OWE269,false,12 * 4 * 13,23.1,3
DVZD83145,F,OEV739,true,2 * 1 * 1,4.7,2
ZXYX65029,L b,XFB769,true,2 * 2 * 3,0.4,2
IEGZ82293,P weipuu,DFL476,false,15 * 14 * 7,31.5,2
SJNF30017,Apzgog oyqu,XKH281,false,11 * 4 * 5,16.2,1
LRRF37316,V zb,XFB769,true,1 * 1 * 1,1.9,1
RLSL14191,Cw begv,XFB769,true,1 * 2 * 2,4.2,1
WEPI33442,Wvjdx jy,SKW335,true,1 * 1 * 2,4.7,3
JYYX79819,Smbem pvvfe,CZP990,false,3 * 3 * 9,18.1,2
ENTI52462,Kg qa,EAI686,false,3 * 9 * 11,9.1,3
UHOC24090,Plwmy wdrmh,CZP990,false,7 * 15 * 7,15.1,3
IVIK80422,Nivnij plny,XFB769,false,4 * 11 * 6,17.2,3
GXIZ89367,W c,EAI686,true,2 * 2 * 3,2.3,3
DKLK84435,T qpnz,CFB329,false,11 * 6 * 8,19.1,1
AADZ05377,N j,OWE269,false,8 * 7 * 10,18.6,1
GTDD48930,Z,XKH281,false,6 * 12 * 13,18.7,2
GEDF09055,Wdmfagmt bu,WAC634,true,2 * 2 * 1,1.8,2
RZAO73132,B e,DFL476,false,4 * 6 * 10,19.3,2
TYHD62209,B mruzv,SBW932,true,1 * 2 * 2,3.9,1
FOEC89106,Wdh psrnsq,XFB769,false,9 * 15 * 6,25.2,1
YPHA85204,G nwg,CZP990,true,1 * 1 * 1,2.9,3
LPEA50708,T fstibpked,OWE269,false,3 * 3 * 6,35.0,1
XHFS94436,G p,EAI686,true,3 * 1 * 3,2.6,3
WCFE11170,Dpn x,SBW932,false,3 * 5 * 6,20.3,3
FGFZ74325,Ishvy gkdhd,EAI686,true,1 * 1 * 1,1.3,3
DKYP67354,Nqm ou,XFB769,true,3 * 3 * 2,1.5,1
USLK69951,Iqtdlhg dz,UPQ932,true,2 * 2 * 3,3.1,3
OXAW72594,I d,XFB769,true,1 * 2 * 2,0.8,3
LNXP85662,A bv,OWE269,false,12 * 11 * 11,31.7,2
IEWC88678,V tsm,UPQ932,false,8 * 10 * 11,32.4,2
LWWI32596,F eu,CFB329,false,8 * 14 * 10,34.1,1
IACA32234,Nam zv,XKH281,false,11 * 13 * 11,23.0,3
HCQZ40168,L bjernb,CZP990,true,3 * 2 * 1,4.2,1
VNPP60585,Odm f,XKH281,true,1 * 3 * 2,1.6,1
KXHJ06628,M,CFB329,false,13 * 13 * 14,21.1,2
AYQS46250,A it,VDO417,true,3 * 3 * 1,0.5,2
NTDP12162,Ij z,OWE269,false,14 * 12 * 11,24.2,1
IHNU61789,Mne rg,BMQ511,true,3 * 1 * 1,2.6,2
OTDC71565,Mbdmcz wta,UPQ932,true,3 * 1 * 1,4.7,3
NEYE94906,Ar m,XFB769,false,5 * 10 * 15,15.4,3
FKVU31668,G mqhgccegw,CFB329,false,5 * 12 * 6,10.0,3
NCZS26468,Dp e,WAC634,false,11 * 13 * 7,16.4,2
LAHZ95904,R e,XFB769,false,4 * 14 * 10,26.0,2
RHKF20867,H ivaqve,VDO417,true,2 * 2 * 3,3.9,1
RWXE55147,G v,XKH281,false,14 * 12 * 8,19.4,2
XJNW88140,Ukg w,ZHF890,true,1 * 3 * 2,4.6,1
GQYV81470,Mhklpkav u,OEV739,true,3 * 1 * 2,2.2,3
ZOTO41565,U t,UPQ932,true,1 * 3 * 1,4.2,3
PVFA36434,Nkmj hsucvr,OEV739,true,1 * 1 * 1,0.5,1
LXED55678,Njwk fl,DFL476,true,1 * 1 * 3,0.7,2
SWYS40275,Ja kv,ZHF890,true,3 * 3 * 2,0.7,3
NDCS29027,Pi p,SKW335,true,3 * 2 * 3,4.8,1
FAUC79775,B vdiqq,ZHF890,true,2 * 2 * 2,4.1,3
TVXT78221,Emwbi iyvhr,XKH281,true,1 * 3 * 3,0.4,2
EJAD25230,Pccpyj mjv,OEV739,true,2 * 1 * 3,4.9,1
YHCA48016,Q,OWE269,true,1 * 3 * 3,1.2,2
UUYZ15366,A ylb,CZP990,true,3 * 3 * 3,3.0,3
KLFT28516,Zcah xy,OWE269,false,9 * 12 * 12,24.1,2
GDFH98577,E,BMQ511,false,10 * 3 * 5,34.2,3
EJAZ36193,V,DFL476,true,2 * 1 * 3,3.2,3
XXKW69590,Qmcmx xji,SKW335,true,2 * 1 * 2,2.3,1
DFWP17446,Nrtxv n,UPQ932,false,4 * 7 * 15,32.1,2
WECT05138,Cdowzhh un,SKW335,true,1 * 1 * 1,0.0,3
PTFN71255,Pyhr ybclvl,DFL476,true,1 * 2 * 3,3.3,3
RJXT16692,Db hifuj,SBW932,false,5 * 14 * 7,29.7,1
PXJS35331,Topupytcb b,ZHF890,false,5 * 4 * 4,23.4,3
WHPU85896,Xq xvz,UPQ932,true,1 * 3 * 2,4.2,2
VSZN77785,Enlx pblc,ZHF890,false,6 * 4 * 10,29.2,1
ZVEN05519,A t,OEV739,false,15 * 8 * 6,16.2,3
VQYE02531,S mb,OEV739,false,4 * 13 * 7,22.6,3
UVHU56144,Ewpc g,SKW335,true,3 * 1 * 2,3.7,1
QQCI85240,Uu drlgnksa,SBW932,false,14 * 9 * 8,8.9,1
CUQI62839,T,UPQ932,false,13 * 9 * 11,27.8,1
HVZW12651,S evo,WAC634,true,2 * 2 * 1,1.8,1
TEAS94095,P ekzirag,OEV739,true,3 * 3 * 1,3.2,1
PADQ92575,Aa x,CFB329,false,13 * 5 * 3,5.8,1
YCDR06515,Lsquv zg,OEV739,true,3 * 2 * 1,3.8,3
OZVD23499,Ykqd rsnln,SKW335,true,1 * 2 * 2,4.6,3
GYPY14502,G sw,ZHF890,true,2 * 1 * 1,2.0,3
ONSK34596,Hlcee c,EAI686,true,3 * 1 * 3,1.4,2
ZRSV81136,Y cv,CFB329,false,13 * 10 * 11,25.9,2
WOSR37564,Ew ihcvbqh,UPQ932,false,10 * 4 * 15,32.6,1
RJNL76044,Isfqwwj mxf,EAI686,false,4 * 7 * 14,33.8,2
YAOZ10522,Fotdkxp qdl,CZP990,true,2 * 2 * 2,2.6,1
JGVG15612,Fssxf rh,VDO417,true,3 * 3 * 3,0.3,1
PCLO22055,Y so,OWE269,true,1 * 2 * 2,2.9,2
LTRO00258,Le hjr,ZHF890,true,1 * 3 * 2,1.2,2
ISAO69151,Pl qcf,BMQ511,false,9 * 5 * 7,21.7,1
FAII89423,Jsqjfd g,WAC634,true,1 * 2 * 2,1.4,3
DQHE64722,Kku eeh,SKW335,false,5 * 14 * 12,15.0,3
QYEU26051,Bmkt nwxdw,XKH281,true,2 * 2 * 1,0.6,2
XHQP09948,L voq,SBW932,false,14 * 10 * 14,22.1,3
VDUH30146,J np,SBW932,true,1 * 3 * 3,3.3,2
ILPG51732,Pv iu,VDO417,false,13 * 9 * 13,12.2,3
CWCF93656,Nvthvjt xb,DFL476,true,3 * 1 * 3,2.8,3
LSQU75489,R o,SKW335,false,11 * 13 * 5,21.8,2
VRYG50155,Aiab gtma,OEV739,true,1 * 2 * 3,0.3,1
CPXQ69388,I,BMQ511,false,10 * 4 * 11,25.7,2
FRPX38858,J,CZP990,true,1 * 3 * 3,0.9,3
HIQT41307,M fi,SKW335,false,10 * 4 * 13,27.4,2
AJAN73702,Hz g,OWE269,true,1 * 1 * 2,0.3,2
OUJE42190,Dzmutt lom,XFB769,false,9 * 6 * 8,30.2,2
EHIQ98564,Wothaqt d,ZHF890,false,8 * 3 * 7,14.8,3
NKQJ73482,Evnm glwjc,DFL476,true,3 * 2 * 2,4.1,1
IVNV23945,Zrf aql,XKH281,true,2 * 2 * 3,1.8,2
OUCJ20817,D z,CZP990,true,3 * 2 * 2,3.9,2
YXOG10123,X r,VDO417,false,3 * 5 * 13,13.6,2
AITW72333,Aop rbaj,ZHF890,false,8 * 4 * 11,30.0,1
KXRO77180,Ahsn e,OEV739,false,14 * 10 * 12,17.4,2
IQNR55485,Sux aqir,BMQ511,true,1 * 3 * 2,4.9,3
SCRU65171,Yon gyw,ZHF890,true,1 * 3 * 2,4.5,1
PVJA97365,X,OEV739,true,3 * 1 * 3,4.0,2
GQJL30625,Ci wldpm,OEV739,false,10 * 11 * 13,29.4,3
ZSTO06619,U gairjkal,SBW932,false,14 * 12 * 14,19.2,2
OSGT21106,U cgbm,EAI686,false,13 * 10 * 13,30.7,2
KCJR18700,Mgp wdoa,SKW335,true,1 * 3 * 1,0.6,3
AVFW56042,Skdz ddl,VDO417,false,10 * 13 * 10,18.3,3
NCHG03494,Zv vtprfs,OWE269,false,5 * 6 * 4,9.4,1
ZSJC72288,Tswb umdx,UPQ932,false,3 * 4 * 8,21.3,2
HGFU76893,U u,SBW932,false,8 * 3 * 6,30.9,2
GCQQ38501,Hsc wfohuf,OWE269,false,5 * 6 * 6,34.2,3
AFCT02403,Muug hxypy,BMQ511,false,11 * 4 * 3,16.6,3
TDVF78295,U wzb,VDO417,true,1 * 1 * 3,3.3,1
TGGF14665,Dh ybrwmm,OWE269,true,2 * 1 * 2,2.0,2
DNFW59768,Z l,VDO417,false,6 * 9 * 5,28.0,3
XGFJ87325,Sm m,SBW932,false,14 * 3 * 13,6.7,1
AOSI58525,J,CZP990,true,1 * 1 * 3,1.2,3
EAHK22834,Sg mlc,SBW932,true,2 * 2 * 2,2.7,3
SEOA86198,Eqvbs d,UPQ932,false,9 * 14 * 8,26.0,1
XTCY16069,Pil ceuo,SKW335,false,4 * 15 * 7,13.0,2
FUSZ10271,R,XFB769,false,14 * 13 * 13,27.0,1
FSHH47007,Q zwpxz,OEV739,false,5 * 11 * 7,34.7,3
HSOC64859,I aqsx,OWE269,false,7 * 8 * 3,28.0,3
VGEQ20958,F cmvxlr,DFL476,false,9 * 10 * 7,34.0,3
ZQXZ62925,K brk,XKH281,false,4 * 13 * 14,26.0,3
PASX90786,Haa h,CZP990,true,1 * 2 * 2,3.0,3
COPH38831,Sjbfmhjb mx,DFL476,true,2 * 1 * 3,0.2,2
QIPY69115,Yu qg,OEV739,false,9 * 6 * 6,5.5,2
OLHY05301,Vz xhkovxbi,CZP990,true,2 * 3 * 1,1.2,3
WWUO27549,Zz pm,CFB329,true,3 * 2 * 2,0.4,1
FUXJ71841,T sroftuxd,EAI686,true,2 * 2 * 2,1.2,3
TVLD76519,Uqbhh j,VDO417,false,9 * 3 * 6,23.8,2
GAHW09399,Xb akzihvp,SKW335,true,1 * 2 * 1,3.0,2
XTFP12539,Vc rzg,OEV739,false,4 * 13 * 13,16.7,3
XIKY00600,Yys h,CZP990,true,3 * 2 * 1,3.9,2
IVDZ08091,G,DFL476,false,14 * 9 * 11,24.0,3
FNIZ08456,Shi r,EAI686,false,9 * 9 * 5,26.9,1
ACZX36245,D,CFB329,true,3 * 2 * 1,0.1,1
KWZK44124,Z iqtlnx,SKW335,true,1 * 1 * 1,5.0,2
RVOD04915,Qaijc can,UPQ932,false,7 * 14 * 6,5.4,3
EJZR14346,L qk,OWE269,false,9 * 4 * 3,6.3,3
OJNC94020,Cmw h,OEV739,false,8 * 12 * 5,12.2,1
WJDV58513,Uprwajo iie,DFL476,true,3 * 2 * 3,3.6,3
AVFC78513,N z,EAI686,false,9 * 5 * 5,28.1,2
EEQK96126,F mvcn,OEV739,false,6 * 5 * 13,7.8,2
PXZN03429,R quruh,SBW932,true,1 * 2 * 1,3.0,1
WFES88438,Paedyt c,ZHF890,true,1 * 3 * 2,3.7,1
RIZX16520,Q evwsgfkdf,EAI686,true,1 * 3 * 2,3.0,3
KVWS45518,Cj yt,CZP990,false,10 * 13 * 11,34.5,1
AZHO79793,Ouwyvwaz g,UPQ932,false,6 * 5 * 7,11.7,2
WOJX80535,I huvf,OWE269,false,15 * 10 * 6,26.8,1
CACT53767,P r,CZP990,true,2 * 1 * 3,0.6,2
GYNO10483,E wvga,UPQ932,false,9 * 10 * 9,8.8,2
DRII85269,Nf owcep,CZP990,false,8 * 6 * 15,33.1,2
QKAP40473,Travxy f,WAC634,false,10 * 15 * 3,14.8,3
WXZH63089,Xowkm v,SKW335,true,3 * 1 * 1,2.3,2
ZNEN50185,Cdngjw ypw,OEV739,false,12 * 12 * 7,23.8,1
RCUH75053,Uzi kfd,CFB329,false,11 * 6 * 8,11.3,1
TJRN51231,Ysf tz,XFB769,false,15 * 6 * 4,18.8,1
HINR06777,Dpg m,UPQ932,true,3 * 1 * 2,0.6,3
IVGA27023,Pkervt byxg,CZP990,false,6 * 5 * 4,15.3,3
DNAU63792,B h,VDO417,false,7 * 11 * 6,18.3,1
VDIU86679,Slzf tfvg,OEV739,true,1 * 1 * 1,1.9,1
ACAD43088,E sw,XFB769,false,14 * 4 * 12,19.7,3
LARQ63847,Ypppbp xdf,XKH281,false,10 * 11 * 13,26.5,2
GELX86314,J,ZHF890,true,2 * 3 * 1,2.3,2
VCYP79113,Kz bvfpecvw,XKH281,true,1 * 1 * 3,3.6,2
LTKS93928,N ua,CZP990,true,2 * 1 * 2,4.2,2
GGOC52430,Nble hjxy,OEV739,false,5 * 12 * 5,26.5,2
LPVI24937,J p,CZP990,true,1 * 2 * 1,4.4,3
VPZQ00636,Kgwf px,SKW335,false,14 * 3 * 6,30.3,3
VKSP76635,O,BMQ511,false,12 * 11 * 5,28.1,3
EVLR78915,Sqxf pt,SBW932,true,2 * 1 * 1,0.5,2
WWKT57700,Org wtocuy,XKH281,true,2 * 3 * 3,1.8,2
YEVT87230,Dzcxq g,SKW335,true,3 * 1 * 2,3.4,3
FRHZ32022,Rxktaxl b,ZHF890,false,13 * 13 * 11,26.7,2
ALTF08522,M cm,WAC634,false,3 * 12 * 10,24.0,3
GNAD46778,Sl l,XFB769,false,12 * 10 * 13,12.4,2
PQHS36465,Y,DFL476,false,7 * 12 * 11,23.2,1
LOGN78899,Nftf uqh,WAC634,true,2 * 3 * 3,2.7,2
SDER24737,P,OEV739,false,15 * 5 * 9,9.9,2
IXXI52494,Tr w,WAC634,false,11 * 10 * 3,9.0,1
SHFA68205,Faok e,XFB769,false,9 * 8 * 7,5.8,3
LDEV71529,Cvkwbdf rz,WAC634,true,1 * 2 * 2,3.2,3
IIQD86384,L,EAI686,true,3 * 2 * 1,0.8,1
JXRI35029,P xeyareyo,XKH281,true,2 * 1 * 1,2.3,1
AICI89781,Ysq dper,EAI686,false,10 * 7 * 6,33.8,1
KFPJ18802,Og ckvi,SKW335,false,12 * 14 * 9,13.7,1
GQHN30770,U,WAC634,false,12 * 11 * 3,16.3,2
QKQJ29947,Bqv ytxrm,SKW335,false,12 * 5 * 6,25.7,3
FPOV97620,Fptpnp vhd,CZP990,true,2 * 3 * 3,3.3,3
JUVT05643,Ti d,OWE269,true,3 * 3 * 2,1.8,3
QGTL77479,Tz wro,EAI686,true,1 * 3 * 2,2.7,3
JKAH53127,Qn zdltkb,EAI686,true,2 * 1 * 2,1.5,1
SFZG27921,W,CZP990,true,2 * 2 * 3,2.1,2
KTRU73845,Q,OWE269,true,1 * 3 * 1,3.1,1
NJQR94475,M,SKW335,false,4 * 5 * 13,6.9,2
KKJJ99705,Ce xzmk,WAC634,false,12 * 11 * 14,9.9,3
UVLC59328,U q,XKH281,false,14 * 13 * 3,6.2,2
INRS76166,Zr gbhqo,CFB329,true,2 * 3 * 3,1.1,2
XJRE91833,Gdttqt nz,UPQ932,false,10 * 12 * 15,15.5,3
AEIA83744,Z pi,XKH281,false,15 * 6 * 4,21.4,2
DYVV04783,Xvki u,BMQ511,false,4 * 6 * 3,6.2,1
DKHI78784,U kt,ZHF890,true,2 * 1 * 1,3.1,2
GUQL40664,S ojn,CFB329,true,2 * 1 * 3,4.3,2
TGFO00054,Ss vvgsuru,WAC634,false,10 * 5 * 5,32.8,3
PLLX33228,D,UPQ932,false,10 * 15 * 4,10.1,2
OGEL11581,Y otj,CFB329,true,3 * 3 * 2,0.7,3
WWTD16246,Jmng lm,CZP990,true,3 * 3 * 1,4.1,3
DLJF48394,Ujbqg raki,WAC634,false,13 * 3 * 6,15.2,1
VYXH36180,Xudkwnx jog,CFB329,false,7 * 10 * 7,30.6,2
PXJG41275,E ducpfu,CZP990,false,3 * 15 * 3,16.4,2
SCYW85529,Zcdci ys,XKH281,false,3 * 15 * 11,23.1,1
YUCT89744,Ptqp oicmzp,UPQ932,true,1 * 2 * 2,3.2,1
ONTJ15682,Tj xkjr,VDO417,true,3 * 1 * 3,0.7,2
HXSX14979,D m,UPQ932,true,1 * 1 * 3,3.7,1
HYFF02958,M,XFB769,false,12 * 12 * 14,29.8,3
KFGV64656,Tm q,ZHF890,false,7 * 14 * 4,26.4,2
RADF34163,V,ZHF890,false,7 * 11 * 9,34.8,1
CZXJ87333,Fah ek,XKH281,true,1 * 3 * 3,0.6,2
SEON19777,Bru c,OWE269,true,3 * 3 * 1,4.8,3
QJWP13933,R mxdrterqz,CFB329,true,2 * 2 * 3,2.4,1
LPJT37838,Xszkb q,ZHF890,true,1 * 3 * 3,1.5,2
OWPH67315,F u,CFB329,false,13 * 4 * 4,21.0,1
GOJA68158,Ucpzs rogn,XFB769,true,1 * 3 * 1,4.6,1
FWVO21397,W,ZHF890,true,3 * 2 * 3,0.9,3
YJQE13843,K qsw,WAC634,false,4 * 9 * 5,32.4,2
GVEI20963,Gkjd x,DFL476,false,14 * 10 * 15,21.6,3
XLYY08944,F,SBW932,true,2 * 1 * 3,4.5,1
DDAK82465,I,ZHF890,false,15 * 6 * 12,30.0,1
GYEX05515,Ka ntzem,OEV739,false,10 * 12 * 3,17.9,2
YHWF33917,Xssyyz vjp,DFL476,false,14 * 15 * 12,33.8,1
VQWI05221,Kb vxw,OEV739,true,2 * 2 * 2,0.4,2
XVEO21176,Kwygu bawyi,SKW335,true,3 * 2 * 1,2.1,1
GEXC19869,E,CZP990,false,8 * 8 * 6,14.0,3
IWFP51347,Wh pac,ZHF890,true,3 * 1 * 2,2.5,1
XGAW61583,K,ZHF890,false,14 * 8 * 13,11.3,3
KVVQ79410,Bjd ca,SBW932,true,3 * 2 * 3,3.1,3
NZDT63486,Jjbg fr,XFB769,false,6 * 13 * 6,10.8,1
HYZF68345,E,WAC634,false,6 * 15 * 5,17.0,1
IGQI00063,Adin vqpf,OEV739,false,3 * 12 * 9,27.4,1
PPHK14970,B nkvg,OEV739,true,1 * 3 * 3,3.6,2
VNIT68491,Zb wo,OWE269,false,7 * 11 * 4,11.5,3
KWTV29084,Dd f,CFB329,false,11 * 8 * 10,20.7,1
NOVO92628,Nidkzmsw tn,SKW335,false,6 * 14 * 14,27.6,2
VAZK95977,A,DFL476,true,1 * 3 * 3,0.2,3
NZPF25138,C veks,ZHF890,true,2 * 3 * 1,2.9,2
TDIW33220,Uj rqh,CFB329,true,1 * 3 * 1,2.1,2
TTJR08368,V mgox,EAI686,true,3 * 1 * 3,1.9,3
YCVV93657,Ywytdukx w,CFB329,true,1 * 2 * 1,2.2,3
UPGW21254,T n,SBW932,true,2 * 3 * 3,0.9,2
HJYS95309,Ya iw,DFL476,true,1 * 3 * 1,0.8,1
TXCG27086,Ff iohfsjcg,UPQ932,false,6 * 10 * 11,11.9,1
JQNI89960,Iy b,OWE269,false,14 * 5 * 13,27.2,2
ESEV70018,Zahqi kdi,SBW932,false,14 * 15 * 9,8.6,1
LCKY34949,G znhdgn,EAI686,false,12 * 3 * 13,25.5,3
NCVD55076,S jngauv,SKW335,true,2 * 3 * 2,1.5,3
IUYF00517,Dkigoqdi f,UPQ932,true,1 * 3 * 3,2.8,3
YACE19998,Dh vsfqr,DFL476,false,15 * 13 * 11,9.3,3
XPNJ63665,Q f,CZP990,true,1 * 3 * 1,3.0,3
VYYY15978,K r,SBW932,true,2 * 3 * 1,1.4,2
RGZP63631,Fba m,EAI686,false,7 * 10 * 4,21.5,1
SOPE85257,F ysary,UPQ932,false,13 * 3 * 3,22.4,2
ZFTC59544,Pcf tzmk,VDO417,false,14 * 8 * 5,34.1,1
LHDR32648,G,CFB329,true,1 * 1 * 1,3.4,1
VZTW99823,La cj,BMQ511,false,8 * 15 * 13,30.3,1
XKIV43350,Hzlzeoz kq,BMQ511,false,7 * 7 * 8,8.0,2
CTSC44110,K szl,VDO417,true,3 * 2 * 2,3.9,3
CVXI97831,Vjal ew,OWE269,true,3 * 1 * 2,2.3,2
OAEG90315,Vjpisyn wf,CFB329,false,7 * 4 * 12,22.5,2
FDAW69521,S,UPQ932,false,7 * 3 * 11,9.1,1
IFWJ22418,N rbni,EAI686,true,3 * 1 * 2,3.3,3
SAAQ93466,Coo qoerqea,EAI686,true,2 * 3 * 3,3.8,2
FOJS53020,I,SKW335,true,3 * 3 * 1,1.5,1
GLIA75455,Q btk,VDO417,true,1 * 1 * 1,0.4,2
QOPK06431,Qgy gakw,XFB769,false,12 * 5 * 14,23.3,2
WATS82921,Cxt etw,WAC634,true,2 * 1 * 3,1.6,1
KHRN35317,I q,SKW335,true,3 * 3 * 3,3.6,3
HWKN14045,Ta y,ZHF890,false,12 * 3 * 7,26.4,1
ZPDY47512,M z,ZHF890,false,5 * 11 * 14,20.7,3
ZFCN22382,W,WAC634,false,11 * 11 * 7,5.5,1
ZZCO09907,Cxj b,UPQ932,false,10 * 10 * 10,31.4,3
UAPU59731,C,BMQ511,true,2 * 1 * 3,0.1,2
HTKF01678,Mqzrby xi,EAI686,false,8 * 13 * 5,12.9,3
LWCR92916,T xasgmdxw,DFL476,true,2 * 1 * 3,1.2,2
EXPX93432,Goct w,SBW932,false,5 * 10 * 5,26.5,2
LYPU48576,Vudsz xoon,SKW335,false,6 * 4 * 11,7.1,3
ZEHA91550,Oq jzvmon,VDO417,true,1 * 3 * 2,1.3,3
LIUE33204,Wrqwk thud,DFL476,true,2 * 1 * 2,1.3,1
FWGK76715,Lix jjm,XFB769,true,2 * 3 * 3,4.4,3
QELU90048,Ob ypvjq,XFB769,false,12 * 8 * 4,15.4,3
TCYG21154,Vt y,SBW932,true,1 * 3 * 3,3.8,3
LLZI52839,Z y,UPQ932,true,3 * 3 * 1,0.6,3
NFHJ27771,Lb kd,DFL476,true,1 * 2 * 2,1.9,1
NHLR99575,Jrf p,DFL476,true,1 * 1 * 1,3.1,3
JCHL09081,G,BMQ511,false,15 * 8 * 5,34.7,3
TEOL68861,Xvrk xwhq,EAI686,true,1 * 3 * 1,3.5,3
WKYV46688,H b,OEV739,true,2 * 3 * 2,0.9,1
LZJE15874,B,VDO417,true,3 * 2 * 1,2.3,3
SPTI00791,Pydn ryoj,DFL476,true,1 * 1 * 3,3.0,2
WRSD13730,U,DFL476,false,6 * 7 * 10,9.2,3
PNYA97353,Oi x,SKW335,true,2 * 2 * 3,3.4,2
UZQH66440,S o,DFL476,false,10 * 9 * 14,30.1,1
GCGI01351,Oms rorfe,OWE269,false,9 * 8 * 9,5.3,1
JCGT14868,Ktc c,OWE269,false,8 * 13 * 6,18.9,1
GZZG67743,Uhft nuyc,WAC634,false,10 * 3 * 8,20.5,3
EGLD37311,Uc b,XFB769,false,3 * 6 * 10,21.0,3
STRO00738,Vf lsn,BMQ511,true,3 * 2 * 1,2.9,2
RKYP08265,Ljqbsa rbe,WAC634,false,8 * 11 * 3,17.4,3
UTCF09595,I sddwdxvw,XFB769,false,3 * 6 * 13,5.0,3
CZOR94826,Iel ooqgzsv,VDO417,false,13 * 8 * 14,8.0,2
UUJD02714,X c,CFB329,true,3 * 2 * 1,3.8,2
CPQU54197,Bc u,WAC634,true,1 * 1 * 1,2.5,1
RJWD51923,Hptzgm n,XKH281,false,14 * 15 * 11,29.5,2
EUUL44958,Plopxywwu j,VDO417,true,3 * 2 * 3,1.1,1
DIAW80311,F sge,OWE269,false,4 * 7 * 12,30.0,2
WWHS28791,Dx ahuhcrq,XKH281,false,5 * 8 * 9,33.6,2
ECEW62797,Qajrzsij w,CZP990,false,9 * 8 * 5,6.9,3
XQZK10919,Qgzbqn yk,CFB329,false,11 * 15 * 4,23.8,1
YWNG28987,Gzd ek,OWE269,true,1 * 3 * 3,0.1,1
NTTJ52470,Fgfi msmwu,UPQ932,true,3 * 2 * 2,2.9,1
EPEV68773,Tnf kc,EAI686,true,2 * 1 * 3,3.5,2
CRWO41770,Iyc epao,SKW335,false,5 * 10 * 14,31.5,3
TRAS42315,Vkt uh,SKW335,true,2 * 3 * 1,3.9,1
GOSE44212,Z adufk,DFL476,true,1 * 1 * 3,3.3,1
SQKC74495,K yyo,DFL476,false,7 * 9 * 3,7.7,3
JQYV83386,D,XFB769,true,3 * 3 * 3,2.6,3
HZHX93339,Ahmczea v,XKH281,false,6 * 12 * 8,18.5,3
CSWI64734,W vk,CFB329,true,2 * 2 * 2,3.0,3
KFOT30141,Nc ec,OWE269,false,4 * 12 * 13,23.5,1
JQHS86231,Xse utywvlu,UPQ932,true,1 * 3 * 3,3.6,1
LIHC70855,Z ur,CFB329,true,1 * 3 * 2,2.3,1
CZYK01873,Esvqvv ghm,OEV739,false,14 * 7 * 10,22.2,3
XTTX70832,Fn mz,CZP990,false,7 * 3 * 6,5.2,3
RAQW67046,T xuzkk,OWE269,false,14 * 10 * 7,32.4,3
KPSZ98210,Gevcx jk,EAI686,true,1 * 3 * 1,1.4,3
HZTK48042,A t,XFB769,true,3 * 3 * 1,4.0,2
NNRC70171,D,SKW335,false,8 * 12 * 12,30.7,2
PWLD69501,Kunotobis o,ZHF890,true,2 * 1 * 1,4.0,2
GPRC59958,V zg,VDO417,false,5 * 12 * 11,13.7,3
ESAL42238,Fh s,VDO417,false,9 * 6 * 4,19.7,3
TFVP18720,C nir,BMQ511,true,2 * 3 * 1,3.5,2
XGQJ80247,Qlys x,BMQ511,false,9 * 10 * 3,29.8,2
THEJ88423,R,XKH281,true,2 * 2 * 3,0.9,1
DFKZ17458,Adjhqswd ym,CFB329,true,1 * 1 * 3,0.8,3
OTCP88877,Zgnbmevv s,XFB769,true,3 * 3 * 1,3.6,1
ZOHI66923,Vc bhwnvwnd,SKW335,false,8 * 14 * 15,14.0,1
CDIW02655,Jz elccn,XFB769,false,5 * 3 * 6,31.2,2
EHWR50728,Czihaqva a,OEV739,true,2 * 1 * 1,0.3,1
GZEW19604,Pr nidj,BMQ511,false,6 * 8 * 13,19.8,2
NYXZ05761,Hucqsl v,CFB329,true,1 * 3 * 1,1.0,3
PLYN28229,M fxkiric,UPQ932,true,1 * 3 * 2,2.6,3
DZTJ73659,Aji vl,CFB329,true,1 * 1 * 1,3.0,3
NGVW74667,F,OWE269,true,3 * 2 * 1,1.2,3
LRZT40498,Edoll ri,CZP990,false,6 * 5 * 11,18.0,1
EJOX83724,Mnis pbsu,BMQ511,false,5 * 10 * 14,25.2,3
TCRV40945,Lpcsu c,WAC634,true,3 * 3 * 3,1.7,1
IYEH99093,R,XFB769,false,11 * 15 * 7,33.8,1
WSFI29376,S ucv,XFB769,false,5 * 6 * 4,30.6,2
DHIY35749,Zfgbm r,OEV739,true,3 * 1 * 3,1.4,2
WITR00088,Ms tkqvxj,OWE269,false,11 * 3 * 14,25.6,3
LFGT05171,K,CZP990,false,6 * 4 * 6,11.3,2
AJIO55790,Chbik r,EAI686,true,2 * 3 * 2,1.3,3
VLFG39330,T,WAC634,true,3 * 2 * 3,1.4,1
VIUO32565,Fohmeo hk,XKH281,false,8 * 3 * 15,10.9,1
XJWJ75019,Oxuha x,XKH281,false,11 * 8 * 3,8.8,2
NALK18568,Dldlrxva zp,XFB769,false,11 * 6 * 4,14.8,1
UOQW75891,Wfx di,OEV739,false,6 * 12 * 10,17.8,3
PDKQ38568,Y wty,ZHF890,false,15 * 13 * 5,27.5,2
VHFG66882,Bi aho,XFB769,false,12 * 7 * 12,13.2,1
LGKP67043,Idj yzwlf,DFL476,true,1 * 1 * 3,3.0,1
AYSO89937,Pket ppgv,ZHF890,true,1 * 1 * 3,4.6,1
OIAT54366,Zhz rs,OWE269,false,7 * 13 * 15,25.1,1
QDGW65443,Q p,ZHF890,false,7 * 5 * 13,5.7,3
IOJT66690,K cv,OEV739,true,2 * 2 * 2,3.4,2
TYJV76469,Fg wd,VDO417,true,1 * 3 * 2,0.1,1
SLXN94516,Avsb g,XFB769,true,3 * 2 * 2,0.7,3
LRSN58192,O a,SBW932,false,3 * 9 * 5,22.9,3
OVYA01220,Ep moeey,VDO417,true,1 * 2 * 1,3.5,2
SYDK43552,Uqkug av,OWE269,true,3 * 1 * 1,1.7,3
OXDE36336,Qd ci,CFB329,true,1 * 1 * 1,4.2,1
TUWT85946,Sdpm jqkbw,EAI686,true,1 * 3 * 2,3.7,3
DCKZ02572,Gehqkh ysx,OWE269,true,3 * 3 * 2,5.0,3
PPCZ31166,Cy dj,UPQ932,true,2 * 1 * 1,1.5,2
LIYN15082,Yasysbu y,SKW335,false,10 * 8 * 12,30.2,2
ZHKY49066,Pjptqg t,CFB329,false,13 * 6 * 3,11.1,3
IEVJ64401,Qt ot,BMQ511,true,3 * 3 * 2,2.6,2
CUZT91341,Yfjv i,UPQ932,false,6 * 11 * 14,20.3,2
OPZW84681,Yv f,CFB329,true,1 * 2 * 1,3.3,1
PYUD47215,Snh y,OWE269,true,2 * 2 * 2,4.3,2
LKRN94265,Jmhh i,OWE269,true,1 * 3 * 1,1.3,2
ZNCJ83581,B p,OEV739,true,3 * 2 * 1,2.1,2
OYFE92797,O mcgokqjpy,VDO417,false,12 * 7 * 4,20.4,3
AQDI45629,L qwj,UPQ932,false,12 * 6 * 4,34.7,3
LVKZ25736,P cgcwqvbs,XFB769,true,2 * 2 * 3,2.0,3
IIZL01693,Xojmq yk,BMQ511,true,1 * 2 * 3,4.7,3
XEFF89164,A oeo,UPQ932,true,3 * 2 * 3,3.0,3
SDZA95978,Zil crjlf,ZHF890,true,2 * 3 * 2,4.8,3
HROA94777,S h,XKH281,true,1 * 2 * 2,3.8,2
OUFZ96181,Fdv rduobl,BMQ511,true,1 * 2 * 3,1.5,3
EVIH23337,Aup ck,VDO417,true,2 * 1 * 2,3.8,1
CATI28796,Vqqlz ucoeh,WAC634,false,13 * 4 * 6,24.1,1
LSYN66441,W a,XKH281,true,2 * 3 * 2,0.8,2
VPQY55690,Nzmqgmpvt h,ZHF890,false,14 * 8 * 15,34.8,1
NJIF40756,Hf a,WAC634,true,1 * 1 * 2,2.9,1
KAZA05298,Tux nsg,VDO417,false,12 * 11 * 4,5.7,1
IDTC73245,Wd od,ZHF890,false,9 * 14 * 3,10.2,1
WYJJ19951,Dny npysj,DFL476,false,11 * 15 * 13,34.2,1
EVUS71763,M,VDO417,true,2 * 3 * 2,1.2,3
DOGF44965,L mfiurt,BMQ511,true,2 * 3 * 3,4.6,1
YJEL56405,Oop zvucf,DFL476,true,2 * 3 * 1,2.3,3
ETDJ64451,G m,EAI686,false,4 * 6 * 7,17.1,1
VLLZ77982,X nsjb,OEV739,true,2 * 1 * 3,1.3,3
DOSK46780,Hkupz cc,XKH281,false,7 * 5 * 8,33.3,1
ZGOQ16535,Qhz dv,CZP990,true,3 * 1 * 2,4.3,1
VKPN39279,Xucfg bxeos,CFB329,false,12 * 4 * 7,10.1,2
FUSW76812,Yu hfxeza,WAC634,false,8 * 3 * 12,23.7,2
SVXP82032,Fbfrq u,BMQ511,true,1 * 2 * 2,0.7,3
CUGI95650,Mg s,OEV739,false,13 * 10 * 14,17.3,3
IXYH69762,Gt z,OEV739,false,11 * 14 * 8,19.0,2
FPZZ48102,H,EAI686,true,2 * 3 * 2,1.3,2
SCHI76798,Q eyqpq,XKH281,false,6 * 6 * 14,13.7,3
YENC47817,F,OEV739,false,9 * 11 * 5,8.4,2
JXQW43836,Ns mu,DFL476,true,3 * 3 * 3,0.6,3
CPIF69506,W,SKW335,false,6 * 5 * 8,23.2,2
ZVXX91978,R,DFL476,false,13 * 10 * 9,19.7,3
JPFZ45633,G,OEV739,false,13 * 5 * 4,14.6,1
GYNY38286,D dsr,XKH281,false,5 * 15 * 3,22.4,1
ELNF88550,Ovh hcdgt,CZP990,true,2 * 3 * 1,0.5,2
TUTE01392,Rfgye q,OEV739,true,3 * 1 * 1,2.1,2
PELJ09486,L lwk,VDO417,false,12 * 14 * 12,9.3,2
HXVD41933,Lkwpr sl,CZP990,false,11 * 11 * 9,16.3,2
RWSP97715,K cn,OWE269,false,14 * 8 * 15,30.1,3
AWCR30127,F mgme,CZP990,false,5 * 9 * 14,22.4,2
SQFF86223,Vjrs opmvtk,WAC634,true,2 * 2 * 3,1.2,1
CIKS53891,Dmxlp t,CFB329,true,1 * 2 * 3,3.8,2
EZFE78386,Eito l,WAC634,true,1 * 3 * 2,3.7,2
GYWT73340,Ketyy cqrpo,CFB329,false,8 * 12 * 10,11.8,3
KFFS89529,X xmlzecacf,OWE269,true,1 * 3 * 3,0.4,1
VNRN86081,G lkvt,DFL476,false,14 * 15 * 11,26.0,3
EAYD35842,B,DFL476,false,5 * 3 * 15,11.6,1
IGJH91924,Ffyvfj sv,CZP990,false,8 * 8 * 7,8.5,1
CZYA57156,Jhq n,XFB769,true,3 * 2 * 3,0.7,3
VQSX93212,U byflp,CZP990,true,3 * 3 * 2,0.2,3
ZLWA49986,S,XKH281,false,3 * 13 * 3,15.3,1
LGJY71862,G lzgnoaa,WAC634,false,8 * 14 * 14,20.3,2
TNDW23641,Zmfn ydg,SKW335,true,3 * 3 * 3,0.1,3
ETJL91497,H pkrsor,ZHF890,false,5 * 9 * 3,10.8,3
JXCJ31482,Ki v,XFB769,true,3 * 2 * 2,2.6,3
KNWI75343,Ocdvu gfrwy,OEV739,true,1 * 1 * 3,4.0,3
YNJN99727,Mzskp wd,XFB769,false,15 * 13 * 14,23.7,1
YJAS55377,Qy xmhaj,BMQ511,false,10 * 3 * 4,8.5,1
PNNP65367,G,SBW932,true,1 * 2 * 1,3.4,2
GLKY91018,H v,OWE269,false,15 * 10 * 8,32.9,2
XLTD48020,Gr atb,ZHF890,true,1 * 3 * 3,4.2,3
XDTG01133,Cugsg qsbsl,WAC634,false,15 * 9 * 5,20.9,1
VTQR04439,Wh cpudpoi,CFB329,true,3 * 1 * 1,3.5,3
CKJU08081,Goo ffodlmq,CZP990,true,1 * 1 * 2,1.0,2
DQPT57939,Tbyd qsrlu,XFB769,false,13 * 14 * 11,8.4,1
WLTZ05580,Qeahhg eaf,ZHF890,false,15 * 13 * 9,6.6,3
OAJW19053,Vn rwme,ZHF890,true,1 * 1 * 1,1.4,3
FWDK73024,P,XKH281,true,2 * 3 * 1,4.4,2
KQYC92076,Vq xjo,BMQ511,false,11 * 10 * 4,13.4,2
XCRA21005,Gk jecz,SBW932,true,3 * 3 * 2,3.5,2
VYWZ49494,Mw jqxr,SBW932,false,13 * 10 * 13,30.8,1
PHRH25244,Gm qlwbv,VDO417,true,1 * 1 * 2,3.4,1
UXJY74596,A n,XFB769,true,2 * 3 * 1,0.7,2
HNJW76718,Tu vm,WAC634,false,5 * 9 * 7,6.2,1
AWCP66882,U,OEV739,false,10 * 15 * 6,8.0,3
ADRW40020,Zcwnt jvp,ZHF890,true,2 * 1 * 3,1.2,1
IKRO70040,T gnb,SBW932,false,13 * 3 * 10,6.4,2
GKYG39423,D n,XKH281,true,2 * 2 * 3,1.3,3
RSQL61655,L rhqv,UPQ932,true,1 * 1 * 2,3.7,1
FTEK90364,Je xx,WAC634,true,2 * 2 * 1,3.4,1
DKAY81267,K iscbt,XKH281,true,1 * 3 * 2,3.7,2
ZDJY25126,L rwz,XKH281,false,5 * 4 * 4,12.0,3
HXLS99213,Yt bun,UPQ932,true,1 * 2 * 3,4.9,2
RNET66082,B,WAC634,false,12 * 12 * 6,25.6,3
IRRV35416,Qtob cqn,BMQ511,true,2 * 1 * 1,1.2,1
IJIG89703,Kzp wh,CZP990,false,12 * 8 * 12,11.9,3
LYTA27361,D,VDO417,false,7 * 12 * 11,18.3,1
DYCV70025,Rzanl pycqb,UPQ932,true,2 * 1 * 1,4.3,2
DEKJ56639,P j,VDO417,false,8 * 8 * 8,23.4,1
GKDJ68906,W gty,CFB329,false,14 * 5 * 5,9.3,3
LKVV87688,Yw dgwh,VDO417,true,3 * 3 * 3,0.1,1
YQIH32661,Lrwr xt,XFB769,true,2 * 3 * 2,0.1,2
VWLW58471,E ka,BMQ511,true,1 * 1 * 3,1.9,3
SHST63176,Wwfvry wgo,BMQ511,false,10 * 14 * 14,29.2,1
GYFC75382,Gzcgeu vi,BMQ511,false,3 * 12 * 4,6.1,3
YJDY24037,Zad dlqy,CFB329,false,12 * 4 * 5,34.9,3
WSTX79007,B e,VDO417,true,1 * 2 * 3,2.0,1
GFRD61358,Qpl kt,UPQ932,true,2 * 1 * 1,4.8,3
ROKH67984,Q,OEV739,false,9 * 10 * 9,12.6,3
ERJF32035,Qu a,CFB329,false,10 * 15 * 9,31.4,3
IPRK15910,N,WAC634,false,10 * 3 * 6,27.9,3
REKN83850,Jn hva,SKW335,true,2 * 1 * 2,0.4,1
NKXF39556,Ezd qerzfz,DFL476,true,1 * 2 * 2,1.1,3
PTYR32139,N q,SKW335,true,1 * 2 * 2,0.8,1
WKEU76197,O,CZP990,false,11 * 8 * 9,17.1,3
ROIV38146,Zza z,EAI686,false,9 * 14 * 13,18.8,2
QQYY07218,S plga,XFB769,true,2 * 1 * 3,4.8,3
IAAC59859,Gvg q,WAC634,true,2 * 1 * 1,3.6,3
VTHX48553,Adqjw nhl,OEV739,true,2 * 2 * 1,3.5,2
VLFW58160,A,SKW335,false,10 * 13 * 7,24.5,1
DRVI07328,Jwbgwqnhm o,XKH281,false,4 * 4 * 8,29.1,1
FGWR08206,X,CZP990,false,9 * 5 * 15,13.0,3
WRSS74837,Jfh nnaq,BMQ511,true,2 * 3 * 1,0.3,2
EGFE57941,Q,XKH281,true,3 * 2 * 3,4.2,2
VTZK79384,Lulb je,EAI686,true,2 * 1 * 3,0.5,1
OFVJ36356,C,BMQ511,true,3 * 2 * 2,2.5,3
TQQH60029,Izpi pkyspw,EAI686,true,2 * 1 * 2,2.6,1
DEVU00361,Q,CFB329,false,6 * 8 * 11,7.2,3
DYWS52735,U tftlb,XFB769,false,14 * 7 * 15,27.6,2
LIKJ75420,Upmx krm,VDO417,false,9 * 15 * 6,10.8,3
JYIC52838,Uoo o,ZHF890,false,7 * 14 * 7,31.2,1
AWVG67196,Losah x,UPQ932,true,3 * 2 * 3,2.5,3
QXYW06218,B,WAC634,true,3 * 1 * 2,4.7,1
VZDQ91062,Kmw c,WAC634,true,1 * 2 * 3,2.8,1
TJCD04061,H pq,BMQ511,false,7 * 6 * 10,33.7,1
YDYU21474,Wopo jhcmsp,SKW335,true,2 * 1 * 2,4.3,1
ALNA77292,Fvt ygakrxv,EAI686,false,14 * 9 * 3,18.2,3
VWPX42835,Axf xquqg,BMQ511,true,3 * 3 * 1,0.3,1
JVRH63599,E,WAC634,true,3 * 3 * 2,4.3,2
DRRC23159,Tgru hpyf,ZHF890,false,3 * 5 * 7,31.2,2
FZWR10070,Bnjq grzy,EAI686,false,6 * 9 * 12,22.8,2
YYGI07226,Aoxgfh von,ZHF890,true,1 * 3 * 3,4.5,3
STQS46039,S oiigenejl,OWE269,true,2 * 3 * 3,2.2,3
ECJQ49459,B xv,OEV739,false,4 * 3 * 8,10.8,2
JFTD78550,Ij wq,BMQ511,true,3 * 3 * 1,2.4,2
JECW06385,Uju f,CZP990,false,8 * 13 * 3,31.5,1
GORR76515,Ayk n,WAC634,false,4 * 15 * 10,9.2,2
LFPZ73495,Rln p,XFB769,false,3 * 15 * 6,33.0,1
IRZU53936,A,BMQ511,true,1 * 1 * 1,1.8,1
IIDP29272,Nd q,ZHF890,false,10 * 14 * 12,5.6,2
ZWDX12904,Kxipz gs,SBW932,false,12 * 8 * 9,31.2,3
GLJJ10176,A jp,SBW932,true,1 * 2 * 1,0.4,3
TPIO08020,Fpfos vtfhi,OEV739,false,5 * 15 * 4,5.1,1
YWYT06497,I khvyvnts,EAI686,false,13 * 13 * 8,27.5,2
RSZY22078,Nawsc hdfzg,OWE269,true,1 * 1 * 2,0.7,1
SFXL40681,Izxl ghlglr,ZHF890,true,1 * 2 * 3,0.1,3
AAKC02451,Vp w,XKH281,false,4 * 3 * 8,20.9,3
OSUU41920,U f,SBW932,true,2 * 2 * 1,3.1,3
PUCW61514,Cu vya,VDO417,true,1 * 1 * 1,4.0,3
EYGU54351,Znu jmgxlmb,XFB769,true,2 * 3 * 2,2.2,1
RJSD11427,Ta qgt,OWE269,true,3 * 3 * 2,0.4,2
DQZA32217,Hsi hdx,SBW932,false,12 * 14 * 11,25.2,2
LYAI22073,W,SKW335,false,8 * 6 * 5,17.1,3
ATJN81105,Yqxxncb wmp,XFB769,false,8 * 6 * 6,12.3,2
OYSF32575,Ahk dp,CFB329,false,5 * 9 * 11,13.6,3
NNJF66856,I,BMQ511,true,1 * 2 * 2,1.5,1
IVOZ83039,K,OWE269,false,4 * 11 * 4,15.9,3
POXS93490,Xzb wt,DFL476,false,12 * 10 * 13,24.5,3
KFPW87461,Vkx mrsc,OEV739,false,11 * 15 * 11,22.8,1
UUUZ68687,B fxaolq,ZHF890,true,1 * 2 * 1,2.3,3
VCAU19093,Xx x,XKH281,false,8 * 9 * 11,16.8,2
STGC39128,Prz z,OWE269,false,10 * 3 * 15,27.1,2
RYOA64258,Ixnculvcg e,CZP990,false,3 * 10 * 13,21.2,2
JDOS82384,Oze ptiuoep,OEV739,true,3 * 1 * 3,5.0,3
YHLR99775,Hzcsrv c,BMQ511,true,3 * 2 * 2,2.3,2
HRIZ77538,Wci fpa,DFL476,true,2 * 3 * 3,2.0,1
XHAD35527,T,XFB769,false,9 * 4 * 3,10.8,1
RWCU35801,Y,OEV739,true,3 * 1 * 1,2.4,2
NYFT80582,Rtk oasbxc,XFB769,true,2 * 3 * 3,1.4,2
YFFJ01071,Rpojhu b,CFB329,false,5 * 12 * 15,21.2,2
EIAP82872,Iega ndubo,EAI686,true,2 * 1 * 2,0.4,1
IVQU24847,Nk ttwwz,VDO417,false,13 * 8 * 3,18.2,1
GQPH29433,T kvsgcgsu,XKH281,false,3 * 15 * 5,6.7,3
IIUK80496,Rf cjobll,OEV739,false,10 * 8 * 4,21.7,3
PQJW08040,Or dsob,CZP990,false,3 * 12 * 14,30.9,3
FYQY72229,Hem ewf,DFL476,false,13 * 10 * 14,29.9,2
HRQL45032,Nll wp,CZP990,false,9 * 12 * 12,16.1,3
QQET38348,Hnr xjmt,ZHF890,false,12 * 5 * 3,23.1,3
PNDK81581,M,DFL476,false,12 * 15 * 4,6.6,3
SHHU47609,Gj uklg,OWE269,false,10 * 4 * 4,7.0,2
LNCT12819,Uo vfwkw,OWE269,false,13 * 10 * 3,20.3,1
RFEF76370,Mwcsd i,XFB769,true,1 * 3 * 3,3.2,2
YAXS94296,Uun cortsot,XFB769,true,2 * 1 * 2,4.0,1
QNFH51205,Dkwn kywqz,CZP990,false,15 * 5 * 10,22.3,2
YKZC86479,F yzutiy,XKH281,true,1 * 2 * 3,1.8,3
HHAO68873,Che v,ZHF890,false,11 * 7 * 4,26.2,2
HVTS59016,Yzx uk,DFL476,true,3 * 2 * 1,4.5,1
KECG03756,M,XKH281,true,2 * 1 * 1,2.9,1
ULAC88128,Phx s,VDO417,false,13 * 3 * 11,23.5,1
HQUO55209,Ia qg,SBW932,false,14 * 6 * 12,13.5,2
RKRA14482,Ilo h,OWE269,true,3 * 2 * 3,2.1,1
ZKPX71274,U v,WAC634,true,3 * 1 * 2,4.6,1
JOTZ31861,Sddj ppskz,XKH281,true,3 * 3 * 2,4.1,3
PYJS80364,Cg p,SKW335,true,1 * 3 * 3,0.7,2
PCCE67612,Q jbm,OWE269,true,3 * 2 * 2,2.8,3
KJNV77642,Cv wyvq,SBW932,true,2 * 1 * 2,0.5,1
XUVP67974,Gdds k,BMQ511,false,15 * 8 * 8,11.0,3
QDIS34360,Qjllotauv l,UPQ932,true,1 * 3 * 1,1.4,1
DYDX76190,P,BMQ511,false,13 * 8 * 7,11.7,3
DLIH07176,Fnn gz,BMQ511,true,3 * 2 * 3,3.2,3
RXDT76421,Z zhseovq,VDO417,false,11 * 7 * 11,34.3,2
GKFF17531,Jwh y,SBW932,true,2 * 3 * 1,3.9,2
CEAL71686,C,SBW932,false,15 * 14 * 14,34.2,2
NQOF19211,C,SKW335,false,12 * 3 * 6,7.4,1
SJYC32724,Jb llcueaq,OWE269,false,3 * 5 * 9,29.7,3
WZDL03248,Qr kfnyon,CZP990,false,13 * 13 * 9,5.1,1
XTYF87524,Onpwwbz l,UPQ932,false,13 * 4 * 10,18.4,2
LYFV09238,E i,WAC634,true,1 * 2 * 3,3.0,3
HTHE24980,Jtxmdehu g,OWE269,true,1 * 2 * 1,2.2,2
ZRYQ30624,L jw,BMQ511,false,3 * 15 * 11,26.7,1
XIRV56932,Xl uyxoxmex,CFB329,false,11 * 7 * 3,20.1,3
ZLFY48126,M uipscgs,ZHF890,false,12 * 13 * 13,6.5,1
NOUC62926,Vz tn,OEV739,true,3 * 3 * 3,1.7,1
EYOO37108,So rpnvwuz,VDO417,true,2 * 1 * 1,1.8,1
CEDG58645,Hvw slnaj,BMQ511,true,1 * 3 * 1,1.9,3
CHCA78085,Mu xfdn,DFL476,false,8 * 13 * 15,8.3,3
RIYL63038,Bequ mzftux,UPQ932,false,4 * 7 * 15,7.7,2
XLDZ83220,Kiwbusx h,VDO417,false,8 * 9 * 3,11.1,1
KCEV75301,Ppgs z,WAC634,false,4 * 3 * 10,26.2,3
WDYN73672,Kybmdm j,DFL476,true,2 * 1 * 1,3.0,1
QNAA52969,Cd ltu,XKH281,true,1 * 3 * 3,2.0,2
VXAQ79474,Sj vpt,BMQ511,true,2 * 1 * 1,1.3,1
GECA58357,E ffvuh,XKH281,true,1 * 2 * 1,4.0,1
DVTQ86649,Wdljqzpda x,BMQ511,true,2 * 2 * 3,2.0,3
FFPW37939,E j,SBW932,true,2 * 1 * 2,3.7,2
DPUU07935,Q isc,OWE269,false,9 * 6 * 12,6.4,2
WVSI06142,Csrwuwn c,CZP990,false,12 * 6 * 6,34.2,2
POYT33001,W tleigboeb,OWE269,false,8 * 12 * 9,15.5,2
FFDH74607,Xgssh mpkux,UPQ932,false,6 * 11 * 10,23.5,3
VKYQ46580,Vs bknd,OEV739,true,3 * 1 * 1,1.4,2
DSDT50449,A,WAC634,true,3 * 1 * 3,1.8,3
NGKP50022,Ot sje,CZP990,false,9 * 11 * 3,31.1,3
ZILW49624,Y,UPQ932,false,5 * 10 * 14,14.5,3
NWGA41164,Hcve gnmcao,UPQ932,true,1 * 2 * 3,0.8,2
SXDQ19063,C igx,BMQ511,true,2 * 2 * 2,4.0,1
NUPZ20970,W a,UPQ932,false,14 * 5 * 10,29.5,1
OSOC56630,Lcc vlib,DFL476,true,1 * 1 * 1,2.5,2
LYWZ25524,Bgjbk nq,XKH281,true,1 * 1 * 3,4.9,3
NDCF23023,Soaf w,WAC634,false,3 * 5 * 5,22.1,3
XIPF14316,F cmpnaw,WAC634,false,4 * 11 * 13,27.5,3
XYZV20052,Q vuiyh,BMQ511,true,2 * 1 * 2,4.5,1
CYID78954,C utjsuve,SKW335,false,7 * 14 * 15,32.7,3
GUKJ46366,Qrfhekzs nl,UPQ932,true,3 * 2 * 1,2.3,1
JZNC61655,Uimu lk,BMQ511,false,13 * 11 * 6,24.7,1
DCNY57688,Musb xfuw,EAI686,false,8 * 12 * 5,32.5,1
NVKX45467,Z llt,SBW932,true,1 * 1 * 3,5.0,1
DXYC95359,Nr sns,CZP990,true,2 * 2 * 1,3.6,3
VVPA92697,Ifiy zrw,CFB329,false,11 * 14 * 5,30.7,1
CEGI65193,Rnavbwhi hu,SBW932,false,12 * 15 * 14,22.1,3
GRZC36110,Qoc ou,VDO417,false,14 * 14 * 8,8.5,2
CPFH97130,Nerp x,CFB329,true,2 * 3 * 1,1.3,2
WGKY90581,Jv nskscnd,CFB329,false,5 * 13 * 5,22.4,1
AQDK38583,A,BMQ511,false,7 * 4 * 14,7.4,1
KRKR72786,R g,BMQ511,false,4 * 15 * 3,25.8,3
URLT29990,Scyf bcv,SKW335,true,2 * 3 * 3,0.9,3
HEEG07150,Ff v,XKH281,false,5 * 3 * 6,20.5,2
AJPW78520,Q am,XFB769,true,3 * 2 * 2,1.8,1
XQFG30605,C,CFB329,true,2 * 2 * 1,4.4,1
PKUV08220,Arqa exhg,CFB329,true,3 * 2 * 3,1.5,1
RYPE88614,R kyuzikq,SKW335,false,13 * 8 * 12,31.5,3
KIPW69616,Iw hzthxmgw,DFL476,true,2 * 3 * 3,3.1,1
RFYU22370,Itor g,XKH281,false,3 * 10 * 10,12.2,3
AQZA92994,L zmpf,WAC634,false,12 * 4 * 5,6.2,3
NQKA86184,A,OEV739,false,14 * 10 * 15,7.2,3
QOJJ46119,Gu x,UPQ932,false,14 * 9 * 6,18.0,3
KIFT34692,Nbvzet x,EAI686,true,1 * 2 * 2,3.1,1
QQEW59140,Y a,VDO417,false,3 * 6 * 12,16.3,2
UKXT26423,S r,OWE269,false,15 * 15 * 8,20.3,1
WACJ16383,Vxszzpma d,CFB329,true,3 * 2 * 1,2.5,2
RYQR22342,Gqplu ylvbj,XKH281,true,1 * 1 * 3,4.1,3
UHEY25412,Wfag ylpbt,SBW932,false,14 * 15 * 7,8.0,1
HZTC58431,Y g,BMQ511,true,1 * 2 * 1,1.1,3
PZYK09303,G,OWE269,true,2 * 2 * 3,2.2,3
OESC36703,Q uvsrsbfwv,XFB769,false,10 * 15 * 13,31.9,1
JXHN45673,Bprgd z,BMQ511,false,3 * 9 * 10,29.8,1
QJNP70830,L l,UPQ932,true,2 * 3 * 1,4.1,2
UJZN37102,V,BMQ511,false,4 * 3 * 14,11.6,2
RAKT49845,Wemc dm,XFB769,true,2 * 3 * 3,1.7,2
DKNK82217,Hr a,CZP990,false,11 * 14 * 10,11.7,2
INRP54173,Rjuwrulq w,BMQ511,true,3 * 2 * 2,3.2,1
FELR52709,L fntuoa,UPQ932,true,2 * 1 * 1,1.3,2
JRVG54740,Deoc qcx,BMQ511,true,2 * 3 * 1,2.5,1
VXJA83041,Tdmnul pabd,CZP990,true,3 * 3 * 1,2.5,2
ZCEV95188,Iodq g,DFL476,true,2 * 2 * 2,3.5,3
AUQC86055,Z r,WAC634,false,8 * 6 * 9,34.5,1
YTWV23376,Aqu y,OWE269,true,3 * 3 * 1,2.4,2
VRRR77701,Riw d,CFB329,false,13 * 15 * 12,10.9,3
HOVW33341,G x,XFB769,true,1 * 2 * 3,3.6,2
NTAH32516,D di,DFL476,false,7 * 5 * 8,21.0,3
VINX91501,P ku,ZHF890,true,3 * 1 * 2,4.8,3
HEZH23534,Nv d,XFB769,true,3 * 1 * 3,0.3,1
OREZ11010,M,DFL476,true,1 * 1 * 2,2.4,2
OTKJ64367,Ruytrkb s,VDO417,false,14 * 5 * 5,31.1,1
IEYP74640,V ee,ZHF890,false,4 * 3 * 7,21.1,2
IZZQ00603,Kc yoppxa,WAC634,true,1 * 2 * 2,0.0,1
KXAR32119,Uf qm,VDO417,false,7 * 13 * 12,15.6,3
ILRY87345,Z h,OWE269,true,1 * 3 * 1,0.6,3
SVRX26280,F e,UPQ932,true,3 * 2 * 3,0.2,1
FNHV61436,U cumnxdyx,CZP990,true,3 * 3 * 1,0.9,1
DAJI29226,T,OEV739,false,3 * 12 * 7,27.0,2
UYPA10433,Ajq gu,OWE269,false,5 * 12 * 14,18.1,3
SNWH00279,Oa bh,CZP990,true,1 * 3 * 3,2.1,3
NNXV46879,O tzbvdhp,EAI686,false,15 * 12 * 7,25.0,2
VFVQ92957,M ik,WAC634,false,6 * 15 * 9,26.1,3
ZVAE68810,Bdig yoxs,CFB329,true,1 * 3 * 1,4.8,3
AXWJ55861,Zfwfw m,XFB769,false,10 * 7 * 13,18.2,3
JDXJ40873,L,SKW335,false,6 * 13 * 7,11.6,3
XGRA99329,C aneyivub,SKW335,false,13 * 13 * 6,26.1,1
EHAY30975,Hyvmfx ldco,BMQ511,false,6 * 6 * 4,11.6,1
OZNG51800,Y z,DFL476,false,12 * 9 * 8,25.5,2
WLJF55990,Sfa hzdd,XKH281,false,4 * 12 * 12,26.7,3
NZWK66172,J z,OWE269,false,8 * 3 * 11,5.8,3
JCPS57179,Odn wdt,ZHF890,false,4 * 4 * 11,7.0,2
NLOO55207,Evg gz,OWE269,false,11 * 4 * 15,9.1,2
IZVJ10409,I dcweuj,WAC634,false,3 * 7 * 3,9.9,3
TXFT15433,Dtiekr lyre,BMQ511,false,9 * 3 * 7,21.3,3
FRCZ01372,A m,OEV739,false,10 * 6 * 14,9.4,2
LJRS64532,C edd,SKW335,true,3 * 1 * 3,0.3,3
AAFR33365,Zf q,CZP990,false,3 * 6 * 14,25.3,3
TJNC72837,Zoiogr pg,SBW932,false,4 * 11 * 14,7.4,1
NQSC73694,Dn ioog,SBW932,true,2 * 3 * 3,1.2,3
PJPH63668,G uip,VDO417,false,10 * 5 * 4,23.1,3
FNEE07722,Sjoba czrlm,EAI686,false,5 * 7 * 5,28.1,3
RYXE96558,Sk eaqbtfao,CFB329,true,1 * 1 * 3,1.7,3
UKLX81895,Gzuxer srl,CZP990,true,2 * 1 * 1,3.5,3
WQEI50972,U yjglocyqs,VDO417,false,11 * 10 * 4,26.8,2
UJZO90048,Ab a,CZP990,true,2 * 3 * 2,3.9,2
CNGT37918,Vocsha qz,SKW335,false,13 * 4 * 13,14.7,3
QOPN83536,M m,BMQ511,false,15 * 15 * 15,11.7,2
OIRJ36597,Qrr jmojpz,XFB769,false,14 * 8 * 4,21.3,1
LJJR63753,At buethun,OWE269,false,12 * 14 * 3,29.8,3
VCZO91916,Z,BMQ511,true,2 * 3 * 1,2.3,3
VRPO45399,Lguv zxf,XKH281,false,5 * 8 * 8,33.8,3
AJOD38966,V rqzy,SBW932,true,2 * 2 * 3,0.7,3
ZQAC34963,A,OWE269,false,3 * 12 * 11,28.7,1
ZCLN72110,J oakslc,OWE269,false,8 * 8 * 9,18.2,1
IYOU01692,G k,OWE269,false,3 * 5 * 5,13.6,2
FNVT48826,B qikwif,CFB329,false,15 * 11 * 5,33.1,3
YFAH72164,G lw,CFB329,true,1 * 1 * 3,4.0,2
YKWW47723,J ix,WAC634,true,2 * 2 * 2,1.0,1
TSUV76921,Zekdokrch m,XKH281,false,4 * 6 * 10,7.6,1
XNUZ46092,C x,UPQ932,true,1 * 1 * 1,4.3,2
YAQE77427,Ixn pf,EAI686,false,9 * 14 * 6,23.6,1
SLZG40298,Q c,CZP990,true,3 * 1 * 2,3.5,3
ISOI92729,O w,SKW335,false,10 * 12 * 3,29.5,1
DAWD78184,W qtj,DFL476,false,6 * 14 * 15,24.1,2
ATHL59511,Fcn cvtay,SBW932,true,2 * 2 * 2,0.1,1
UJOP83923,Enaqorwrb q,OWE269,false,3 * 9 * 15,20.7,1
DQEA90961,Lfsghmcv wr,OWE269,false,5 * 11 * 6,26.5,2
UUPE56234,A h,ZHF890,true,3 * 1 * 2,4.0,2
LWYY57038,Vc zwaz,XKH281,true,3 * 1 * 3,4.0,3
SUVT45569,Qvwhe kqseo,XKH281,true,3 * 2 * 1,1.4,3
TKXK83630,Pmuq yfb,CZP990,true,2 * 1 * 3,2.3,2
CJIY77643,Fn pglojsd,CZP990,false,4 * 5 * 3,23.9,2
GOCQ17409,Kjrk uc,BMQ511,false,4 * 10 * 11,29.0,2
FYHO34177,Kuszp m,XFB769,false,5 * 10 * 5,8.4,2
WYKU06137,Nhy mjvxnx,OWE269,false,14 * 14 * 9,31.3,1
CCLO20410,Fgxtfet gy,UPQ932,true,1 * 2 * 1,3.6,3
YXUW97231,Pyvkz dr,VDO417,false,14 * 6 * 4,18.5,3
DGTO55552,R ypa,SBW932,true,2 * 2 * 3,3.5,1
OWOT01678,Hv bjgofmk,OEV739,false,6 * 6 * 15,28.4,2
TFCO76834,E czoo,SKW335,false,3 * 7 * 8,28.6,2
AHNR61009,Rfqlvpbcj g,EAI686,true,2 * 3 * 3,3.1,3
ILHN10730,X o,VDO417,false,14 * 6 * 7,8.5,1
EYYV73600,St k,SKW335,true,3 * 2 * 2,0.2,2
YGJJ43302,Oe e,SBW932,true,1 * 1 * 2,3.8,2
JSHY16615,Kr m,XKH281,false,11 * 6 * 10,19.2,3
GFSC72466,Z,SBW932,true,2 * 1 * 1,2.7,3
CJLS45347,D ve,ZHF890,false,15 * 3 * 10,23.7,1
LZAX23022,H hl,BMQ511,true,2 * 3 * 2,1.9,3
APSA21625,X pnxhr,OEV739,false,13 * 9 * 10,32.8,1
HNFJ67919,Ot bqmf,ZHF890,true,1 * 2 * 2,4.8,2
CDLN36967,O fn,VDO417,false,10 * 6 * 13,18.1,2
LWRR84327,D ij,OEV739,false,5 * 7 * 14,12.7,1
RTGV49549,Fgrg n,SKW335,true,3 * 1 * 1,4.3,3
CHIE62466,Yvzqhzkhh f,OWE269,true,2 * 2 * 2,4.5,2
XGXK32507,Q n,XFB769,true,2 * 3 * 1,2.6,3
QNIJ83871,Bykd dnmipq,XFB769,false,10 * 12 * 4,18.4,1
AXKE15765,S isnfil,XFB769,true,3 * 2 * 2,2.3,1
SKRK24670,Rxrnyqp vcq,WAC634,false,4 * 14 * 5,26.5,1
YVUP21281,Cd l,EAI686,true,3 * 1 * 1,3.6,2
GIOW49202,M y,UPQ932,true,1 * 3 * 1,4.6,3
YYTX82600,B oeblnp,DFL476,false,15 * 14 * 12,5.6,1
IILG05764,F q,UPQ932,true,1 * 2 * 1,4.9,3
IEXV74383,Y,WAC634,true,2 * 1 * 2,1.3,3
UJIY86139,H owm,VDO417,true,3 * 3 * 1,2.6,3
STLU79720,Jkmid bvo,ZHF890,true,2 * 1 * 2,4.5,1
LLUF85877,V m,SBW932,true,1 * 2 * 1,0.2,3
PWXW21072,Evldsotp tf,WAC634,false,11 * 3 * 8,5.0,2
VTZT62646,Vm nz,ZHF890,false,12 * 6 * 14,30.6,1
LGQO49209,Tjngll fw,OEV739,true,3 * 2 * 2,3.1,2
AXCQ61465,W uv,ZHF890,true,3 * 3 * 2,1.5,1
QUUG69301,Y r,XFB769,false,14 * 8 * 15,16.4,2
RXZH34643,Udeomo iw,ZHF890,false,11 * 11 * 15,31.6,2
SRGG78937,G yc,CZP990,true,1 * 2 * 3,1.6,1
SAXY77955,I lfn,UPQ932,false,6 * 9 * 11,30.7,2
LDYS12384,Tp phsk,ZHF890,false,7 * 5 * 6,19.3,3
ZUHP11583,Djghki w,OEV739,false,4 * 6 * 7,22.8,2
UCGA30908,Nvfmo hig,BMQ511,true,2 * 2 * 3,0.5,2
NYLY21757,E,XKH281,true,2 * 3 * 2,4.0,2
COXD95750,Fiscca eqj,XFB769,false,14 * 4 * 10,32.0,3
DZOA20732,Zq m,UPQ932,true,1 * 1 * 2,3.8,3
QNJS90898,Eof op,UPQ932,true,3 * 3 * 3,1.9,2
RTAU22025,R,UPQ932,true,3 * 3 * 1,0.6,3
FNQQ07371,Ql ohhjqs,UPQ932,false,8 * 7 * 10,22.7,1
WRJL71685,Xp dnsw,VDO417,false,8 * 15 * 15,7.4,3
KAHA32416,T,XFB769,false,15 * 10 * 8,5.2,1
ICQE04314,Z i,EAI686,true,1 * 2 * 3,3.1,3
FUOV99600,Gxbuxo ea,ZHF890,false,10 * 5 * 6,19.6,1
EQLH62426,M j,EAI686,true,2 * 3 * 1,1.3,1
FGZI93357,Pxgzqen vd,XFB769,true,1 * 1 * 1,4.0,2
FRDC08660,Hupozbpk at,OWE269,true,1 * 1 * 1,1.0,2
YJUT33494,P vpu,OWE269,true,3 * 1 * 3,3.4,2
UKZH79524,J tj,VDO417,false,9 * 9 * 14,26.0,3
LKTE62728,F,UPQ932,true,1 * 1 * 2,3.4,3
DZPD74251,O tyulnyro,WAC634,false,5 * 15 * 5,19.5,1
RAQQ17756,R adedndb,XKH281,true,2 * 2 * 2,3.6,3
FJHS75445,Q dmo,SBW932,false,12 * 15 * 5,28.7,2
IWLZ76979,O zn,SBW932,true,2 * 3 * 2,2.7,3
EWXY82938,O xbar,UPQ932,true,3 * 2 * 2,1.6,2
ONDA79256,Gal xqnkd,VDO417,false,6 * 10 * 10,10.5,3
DQVF37959,S ebqt,SKW335,false,7 * 8 * 14,14.1,3
KALT98502,S,CZP990,true,1 * 3 * 3,3.2,2
DSLD54099,Ysmmm n,WAC634,false,6 * 11 * 7,16.9,2
OIEG90444,Bz mrpb,BMQ511,true,1 * 1 * 3,2.2,1
JPAN88588,Y vqly,VDO417,false,14 * 12 * 12,13.1,2
POWN82740,E qsx,CZP990,true,3 * 3 * 1,3.3,2
GNNS32269,Jvd t,UPQ932,false,3 * 3 * 8,14.2,2
PCCR29135,Vrxjzpbm n,SBW932,true,2 * 3 * 3,4.1,2
EUYJ32537,Bk k,OEV739,false,8 * 14 * 8,25.3,2
DEXG12694,Pgz eqslddd,OEV739,false,6 * 15 * 4,6.2,2
TDJG54782,Wuvk xlic,CFB329,false,10 * 14 * 14,10.3,3
FGWI19821,V y,EAI686,false,15 * 8 * 13,10.6,1
YSWY55311,Oo iea,VDO417,false,13 * 3 * 13,32.1,1
TJTW03077,Tbm rb,BMQ511,true,1 * 1 * 3,3.0,2
OALA23790,U dt,VDO417,false,11 * 8 * 8,22.2,1
LYZA35632,X anerggba,SBW932,false,11 * 15 * 4,27.8,2
NNOA43666,Y q,ZHF890,true,1 * 1 * 3,4.8,1
HRAE04979,Z utc,CZP990,false,6 * 11 * 12,29.9,2
NKFH65672,H n,XFB769,true,1 * 1 * 3,0.9,3
CRPO73592,W tkbl,XKH281,true,3 * 1 * 1,4.4,1
SLOW55209,A b,VDO417,false,5 * 12 * 8,34.3,1
SFIE70526,O q,DFL476,false,10 * 8 * 10,14.1,3
XQRS87823,D vatr,XKH281,false,4 * 10 * 4,6.3,1
UZDH16751,Itf i,OEV739,false,14 * 8 * 10,26.0,3
TULG98705,Ce n,SBW932,false,9 * 3 * 15,7.2,3
AAVH09980,Hru nnegoab,SBW932,true,3 * 1 * 2,0.3,2
RPWY05855,Yp v,ZHF890,true,2 * 3 * 2,3.7,3
FFZI36813,Ius lowzg,EAI686,false,4 * 15 * 12,14.6,1
QDJR66329,Tenhxgj km,BMQ511,true,3 * 1 * 2,3.8,2
VYGK22433,Mjtcwzw up,BMQ511,true,2 * 3 * 3,4.8,2
DGFY11108,Nz jdy,XFB769,false,15 * 12 * 10,5.4,1
TFZO35627,Qlzmshta u,UPQ932,false,4 * 3 * 5,26.1,1
SYWI03611,Yfsix s,CFB329,false,14 * 3 * 9,8.5,1
TKFK52733,Ci vv,XKH281,true,2 * 3 * 3,4.0,3
CHSG94616,Gbov vn,SBW932,true,2 * 3 * 2,3.8,3
DDQK45907,Kmvi kcui,SBW932,false,7 * 7 * 14,14.7,1
KJXO85747,Pz d,ZHF890,false,15 * 9 * 9,31.9,2
ZGWK51769,Y nirjy,CFB329,false,7 * 7 * 12,12.4,2
WKVH57217,Haer i,BMQ511,true,3 * 1 * 1,4.1,2
ANAD99480,Q,BMQ511,false,15 * 13 * 14,26.8,1
ZKTX72041,Kbn yavpkht,ZHF890,true,2 * 3 * 3,3.7,1
HXZC41619,Tf yzxuxxd,WAC634,true,2 * 3 * 1,2.6,2
OGLD85216,Y pef,DFL476,true,1 * 1 * 3,1.4,1
RRVH91748,Txh ypzhd,ZHF890,true,3 * 1 * 1,0.4,2
NHQU41430,Ac st,DFL476,false,14 * 15 * 6,5.4,2
IDNP12253,D,EAI686,false,3 * 9 * 4,12.6,1
NLHD57168,Q w,SBW932,true,1 * 1 * 1,4.8,1
NTWI53010,Eez e,ZHF890,true,3 * 3 * 3,4.4,3
CRDT83958,Goi hbeicc,CFB329,true,2 * 3 * 2,0.1,2
LFDL03376,Sfamh p,CFB329,true,3 * 1 * 1,0.2,2
CXGL26271,Cmhd kt,BMQ511,true,3 * 1 * 1,2.6,1
TOJS15855,Bdpey i,CZP990,true,1 * 3 * 2,2.6,1
YWQR83136,Palc ohefgo,XKH281,false,11 * 10 * 7,23.1,3
UEOL26781,V sp,DFL476,false,10 * 8 * 6,8.7,3
VNVJ65642,Jsaxkf ybl,OEV739,false,8 * 4 * 12,19.2,2
UROV88305,D o,XKH281,false,7 * 4 * 11,31.8,3
EETE94369,I e,CZP990,false,5 * 12 * 7,21.2,3
WHQD38282,Sv aq,OWE269,true,2 * 3 * 2,0.0,2
TSCS34069,S,CZP990,true,3 * 2 * 2,0.2,2
LHQR83896,Y vvebnjjpd,CZP990,true,2 * 3 * 1,3.3,3
AGXS20355,H wvab,BMQ511,false,8 * 12 * 4,31.9,3
GPLH05378,C i,UPQ932,true,1 * 3 * 2,4.7,2
GJVS15643,V p,EAI686,false,8 * 7 * 3,24.8,2
UTTV00270,Grvq a,OEV739,true,2 * 1 * 2,3.4,1
PAQV09371,D pir,CZP990,true,2 * 2 * 1,1.5,1
OLIL65180,Rl lci,SBW932,false,5 * 6 * 8,33.8,3
FIAI42237,Z,ZHF890,true,2 * 3 * 1,3.2,1
JNOH30975,Scms v,OEV739,false,7 * 4 * 14,18.1,3
LPTN51826,Wf fbq,BMQ511,true,1 * 1 * 3,3.8,2
HSOR28851,Vd xddibsuq,UPQ932,true,2 * 3 * 3,2.8,2
QHVD33549,Ukaw t,VDO417,false,12 * 5 * 5,28.4,2
LYDO97385,Uzlplqxp j,WAC634,false,8 * 6 * 4,32.7,2
UCEJ56151,G e,WAC634,false,9 * 5 * 15,9.1,2
VJDG13394,Fwg k,SBW932,false,3 * 15 * 9,14.1,3
VFZS29662,Ejnw pte,XKH281,true,3 * 3 * 3,3.4,3
WXYX72102,Gb lf,CZP990,false,5 * 15 * 8,11.8,1
OKTV86663,Qgh jpgh,DFL476,false,13 * 9 * 14,31.6,1
UKUR19776,U,OEV739,false,3 * 5 * 12,15.7,3
YDRN76946,Knhal zp,CFB329,false,10 * 4 * 4,32.2,2
VCYZ90430,Wvpiwq j,OWE269,true,1 * 2 * 2,3.9,1
YGHT91390,Kv g,DFL476,false,4 * 7 * 5,32.7,2
QCZD55746,Govg ehat,XFB769,false,11 * 14 * 8,26.0,2
KJKO03962,D uybz,BMQ511,true,2 * 3 * 1,2.1,1
QHFO26626,Pmkc yxb,CZP990,true,1 * 2 * 2,5.0,3
ZPCJ35189,Xy w,CZP990,false,11 * 13 * 15,9.0,1
CCWG90271,Psmw t,OEV739,false,8 * 8 * 5,14.9,3
KYLI20073,H tt,OEV739,true,3 * 2 * 2,4.6,2
QSUA46716,I opbd,DFL476,true,3 * 3 * 1,4.2,2
EHNE45685,Csvyxl krk,SBW932,true,3 * 2 * 2,3.8,1
KDAP51321,Dxq qdim,ZHF890,true,1 * 3 * 2,1.0,3
YWLE60830,Hs ago,OWE269,false,9 * 11 * 10,19.9,3
OWNO93333,P p,UPQ932,true,2 * 1 * 3,3.3,2
SFJQ39037,W,BMQ511,true,1 * 3 * 3,1.0,2
ENOG86125,U dgk,XFB769,false,9 * 9 * 15,24.2,3
OPGY79576,Yn bc,XKH281,true,2 * 3 * 3,1.7,2
TAGN46669,T p,XKH281,true,2 * 3 * 1,3.5,1
HXCN42366,Nkpee exa,XFB769,true,3 * 3 * 3,3.1,2
UNEC57151,G itxvfofpm,XKH281,false,10 * 15 * 10,34.2,2
NZPX63323,Wzipiw uy,EAI686,false,3 * 3 * 3,11.0,3
HUNJ60561,Ywmqub isp,SKW335,false,10 * 12 * 6,14.1,2
TTIZ54920,Lfkzhak dr,SBW932,true,1 * 1 * 3,4.0,3
LDES34267,Yp pi,DFL476,true,3 * 1 * 2,2.6,2
YDDE46056,A d,ZHF890,false,9 * 4 * 12,31.6,2
YWHR99375,S xs,XFB769,false,7 * 13 * 4,19.0,1
CVNN05863,W,ZHF890,false,11 * 6 * 4,16.6,2
GOPW41671,Almvt b,CZP990,false,10 * 4 * 8,21.3,3
WLXA71854,Tk x,CZP990,true,3 * 2 * 1,1.6,2
AIXS64794,Ryy dpbogj,ZHF890,true,3 * 2 * 3,0.1,2
JJXY22936,M i,CZP990,true,2 * 1 * 1,3.9,1
CJDX83861,C qttrujupj,XFB769,false,8 * 4 * 3,17.1,1
PNUJ84731,J n,SKW335,false,3 * 6 * 3,19.3,3
XNWU64594,Gy a,SBW932,false,11 * 9 * 10,14.4,2
WLPF87026,P uoyf,DFL476,false,5 * 7 * 13,23.8,2
ZOVO56680,Ss ee,UPQ932,true,1 * 1 * 3,4.0,2
RDUU49287,Dd r,SKW335,true,1 * 2 * 3,2.9,3
ZJNX04006,X xe,OWE269,true,2 * 2 * 3,4.1,3
SQZS68037,Q,DFL476,true,2 * 1 * 1,0.4,2
FGOP59843,R sxbk,OEV739,true,3 * 2 * 2,2.0,3
QHWD29879,Z sh,SBW932,true,3 * 2 * 1,1.7,1
YLVT96192,Nwxqdqpm h,SKW335,false,9 * 14 * 3,28.0,3
GXVH89402,Eapfie h,XKH281,true,3 * 3 * 3,3.2,2
QCNI82235,Uwaihcg e,EAI686,true,2 * 1 * 3,4.5,3
ZKWZ51826,Rqea doe,XFB769,true,1 * 1 * 2,4.8,1
PVQG15170,W aktk,EAI686,true,1 * 2 * 3,3.8,1
GRLT61781,H l,EAI686,true,1 * 3 * 2,2.4,1
KAGG51585,Q xq,XFB769,true,3 * 3 * 3,1.8,2
IPGT23181,Pabk frcy,XFB769,true,1 * 3 * 3,4.6,2
GNVN70463,L xrvod,OEV739,false,8 * 15 * 9,26.3,2
HOUQ06550,A u,UPQ932,true,3 * 2 * 3,4.9,2
PLVG84755,Szw bg,WAC634,false,10 * 15 * 11,30.7,1
AYGV03399,Oql u,UPQ932,false,4 * 10 * 11,20.6,1
TWJY54254,C,UPQ932,false,14 * 8 * 15,18.0,1
PNUS90202,Tnladd e,ZHF890,true,1 * 3 * 3,4.0,3
LTNP37877,Z zhlwyrjqd,XFB769,false,6 * 5 * 5,17.4,2
QDEY38053,D k,DFL476,false,13 * 6 * 14,14.8,1
DUFI85627,L txpvyjs,EAI686,false,10 * 12 * 7,34.8,3
NGRY78805,P rgk,ZHF890,true,1 * 1 * 1,2.0,2
VXJU43252,E e,EAI686,false,14 * 10 * 6,12.2,3
KWJX54007,Cahv jxdi,VDO417,true,1 * 1 * 1,0.9,1
VUNO44432,Xzxt sz,ZHF890,true,3 * 2 * 2,1.8,1
NNTR80811,U d,BMQ511,false,9 * 7 * 12,17.6,3
OPNW97964,W,CZP990,false,4 * 8 * 14,22.7,1
LZNX54590,Ulanx wrru,VDO417,false,11 * 7 * 13,20.2,3
VGJQ48156,H,SBW932,true,1 * 2 * 2,3.5,1
ISAT06672,Nwt w,SKW335,true,2 * 2 * 3,4.3,3
PDLS45859,S,WAC634,true,1 * 1 * 1,0.2,3
GEIU72948,Qd aogcmou,XKH281,true,1 * 1 * 2,0.7,3
EXCG25240,N qdusny,CFB329,false,6 * 12 * 4,28.0,3
IZSN91154,D s,ZHF890,true,2 * 2 * 1,3.2,2
WGNE31569,Bfmq s,SBW932,false,14 * 14 * 15,31.9,3
WDLV53921,Ulqqhoe rxv,ZHF890,false,9 * 6 * 4,7.1,3
OZIL19483,X kqtv,OWE269,true,3 * 3 * 2,3.2,1
ZTZE25016,W o,SBW932,true,1 * 1 * 3,4.1,1
GCRI07824,G voiuvf,CZP990,true,1 * 1 * 2,1.7,2
YAVN15277,Zucifd msqu,XFB769,true,3 * 2 * 2,3.2,2
PRKJ09694,Hh e,XKH281,true,1 * 2 * 1,1.9,2
XPFJ00403,Co b,ZHF890,false,7 * 9 * 9,18.3,1
OSQW47261,V x,XKH281,false,7 * 8 * 4,9.3,3
FADV59271,Tg d,CZP990,false,11 * 8 * 13,5.4,1
KCWA13191,Yyvtmmopy m,BMQ511,true,2 * 2 * 2,2.0,1
WHTC98634,X neh,SBW932,true,2 * 2 * 1,3.9,1
JJQK97965,Oz fc,CFB329,false,14 * 12 * 5,34.1,3
RUTN20624,E mh,XKH281,true,2 * 3 * 1,0.8,3
TYQH93973,Had esvsk,UPQ932,false,5 * 10 * 14,13.6,3
QYJJ96975,Fx uw,EAI686,false,12 * 4 * 8,9.2,3
PJUH20038,Tnuoh xs,SBW932,false,9 * 12 * 13,21.5,2
KVKP40207,Wnyz ayawit,XFB769,true,1 * 1 * 2,0.0,3
SYLC79619,D loxurxoao,XFB769,true,3 * 1 * 2,2.3,2
ZLKQ26489,Lba gqlgq,CZP990,false,13 * 4 * 5,29.8,2
VLEU55552,O dakloe,OWE269,false,15 * 12 * 12,20.7,3
ZHYF79888,Ud akyzy,XFB769,false,14 * 10 * 14,23.4,1
OOCL32168,Mtln y,DFL476,false,11 * 15 * 4,22.0,3
KRCR34177,N e,CFB329,false,5 * 11 * 4,9.9,3
YGOY12909,Rfynt qy,XFB769,true,1 * 2 * 2,2.6,3
ZXWZ97437,V aqbms,XKH281,false,3 * 3 * 8,26.5,1
JDYL72444,Ck q,DFL476,true,3 * 1 * 2,4.1,1
VOFG47594,Pddaq ozltu,OEV739,true,2 * 1 * 1,2.1,3
PDZO74323,Y er,DFL476,false,15 * 14 * 14,14.7,2
EJQH70855,I s,CFB329,false,12 * 14 * 10,16.0,3
NPEX38388,Gx j,OWE269,true,2 * 3 * 1,0.8,1
FKRI96983,Gxf stiym,XKH281,false,15 * 8 * 15,8.6,2
OGSX00307,Bztrej f,OEV739,false,5 * 14 * 10,12.3,1
FSXR28354,Klrqoc q,BMQ511,true,2 * 2 * 1,3.6,2
RJVO25720,M zqin,SKW335,true,1 * 2 * 2,3.8,2
WUVA08289,F s,BMQ511,true,1 * 3 * 2,0.8,1
VAFY97814,T kq,ZHF890,false,6 * 6 * 6,18.7,3
AFVY00374,F,UPQ932,true,1 * 3 * 1,2.7,1
LATT67884,Kg y,XKH281,true,2 * 1 * 1,0.4,3
SNEW62307,Jzkpa zbjpx,WAC634,false,5 * 3 * 8,8.0,3
GECS65759,Hr f,OEV739,false,6 * 14 * 13,20.7,3
UOCH37384,Ant ovscjl,CZP990,true,2 * 3 * 1,4.7,2
TTVJ71110,Imkzmti sq,SKW335,true,1 * 2 * 3,4.7,2
JEAX66283,Nf j,EAI686,false,9 * 6 * 9,28.8,3
NNPN50499,D zhemthey,WAC634,true,3 * 3 * 1,2.7,3
AAFZ15853,Cifv u,XFB769,true,1 * 1 * 1,1.9,1
NDSJ35089,Tfly fh,WAC634,true,3 * 2 * 2,2.3,2
YNAE65809,Kcluua cr,XKH281,false,7 * 14 * 11,8.7,1
DJNW42817,T bwvrrzzd,UPQ932,true,1 * 1 * 2,4.2,3
EWYT35589,Isfft r,XKH281,true,1 * 1 * 2,4.7,1
LXRO52510,Lez r,WAC634,false,12 * 4 * 14,22.5,1
RAZI64918,A,OEV739,true,2 * 2 * 2,2.7,2
GVRG80968,Bh z,SKW335,false,8 * 8 * 10,20.2,2
OGIS71024,Md ir,ZHF890,false,12 * 3 * 10,29.3,2
CVOC62221,J mbbnjr,OWE269,true,3 * 1 * 2,3.8,3
GWLI88406,Hty whencf,XKH281,true,2 * 3 * 2,3.9,1
OGWE23976,C buyuh,ZHF890,true,1 * 3 * 1,4.6,3
XGAY78838,Ohxdgf wjm,CFB329,false,8 * 9 * 13,19.5,1
WQOG89882,Kykzj plug,UPQ932,false,3 * 6 * 10,28.7,3
PTFL19949,O yodvokzbg,XKH281,false,12 * 10 * 9,13.8,3
IUTN37665,Ohiv fereoo,EAI686,true,3 * 3 * 2,0.1,1
ZGAO35560,Mdjop m,SBW932,true,1 * 1 * 2,2.9,3
GYTU34211,Jwj xl,VDO417,false,3 * 12 * 13,34.2,1
WXNV17211,Mlhaiqr b,DFL476,false,11 * 9 * 15,15.9,3
UKGU17250,A,ZHF890,true,1 * 1 * 3,0.4,2
SFKP37905,Z y,XFB769,true,3 * 3 * 2,3.4,1
EKSF03823,Uwioicfk t,BMQ511,false,6 * 13 * 12,15.2,1
RZLW22783,Pftd ddowp,SBW932,false,5 * 10 * 15,16.9,1
JCUZ52574,M yhkfyw,CZP990,true,2 * 1 * 1,3.7,3
SYFN95059,J n,WAC634,true,2 * 1 * 1,1.6,1
RGTU42931,Tn fkb,EAI686,false,7 * 14 * 6,32.6,1
YRRJ54060,Bq rxfeno,ZHF890,true,2 * 1 * 3,4.2,1
CZHD16649,Ewb jtlg,BMQ511,true,3 * 3 * 3,4.7,2
UESD57323,N ckvqdabji,ZHF890,true,3 * 3 * 3,0.1,3
EEXZ36223,Rs xppsjst,UPQ932,false,13 * 15 * 14,33.9,3
SGQA28721,Bw kror,XKH281,true,2 * 2 * 2,0.7,1
GTQX22050,Wv db,OWE269,false,8 * 13 * 15,8.2,1
EYDJ26490,K,BMQ511,false,12 * 13 * 7,17.4,1
TVVJ46348,Esh ejwge,OEV739,false,6 * 12 * 13,27.4,1
QAUJ59161,Dxwd huho,UPQ932,false,10 * 11 * 5,29.0,3
XHQF43014,Ukkis fbi,EAI686,false,10 * 14 * 4,33.1,2
JLHJ22833,Uuhxi r,SKW335,false,10 * 10 * 15,11.4,3
XXEC12482,Fga evhq,OWE269,true,3 * 1 * 3,3.9,3
YPVV35238,Tftqcjea y,XKH281,true,1 * 2 * 3,4.3,2
DYSC55230,Tibiq lfft,OWE269,false,7 * 14 * 9,20.5,1
DGEU14444,Opivhbi cs,ZHF890,true,2 * 3 * 2,4.4,1
OQES34944,Pfwrt j,WAC634,false,10 * 12 * 10,21.7,2
SVDD35379,R,XKH281,true,3 * 2 * 2,2.3,1
KCWS58841,Devsvkv or,DFL476,true,2 * 2 * 2,0.7,3
KQPQ76748,Ng z,DFL476,false,3 * 14 * 3,7.8,2
RCSA88758,Fv xl,EAI686,false,10 * 14 * 3,27.9,3
AGYN99154,Eisgnj yujk,CZP990,true,1 * 2 * 1,2.7,2
KHUE01359,Nxpkeyw uyz,VDO417,true,3 * 3 * 3,2.5,2
YYWC29645,V,ZHF890,true,2 * 2 * 3,1.2,1
FLGN35825,P nc,XFB769,true,1 * 1 * 2,1.1,1
HSDW01904,Q r,EAI686,false,7 * 4 * 15,5.0,1
UCOT07859,N g,WAC634,false,9 * 15 * 3,17.3,1
PNCN46064,Jsr b,ZHF890,false,9 * 8 * 14,7.1,2
FWXC99946,P i,CZP990,false,15 * 7 * 4,22.4,3
AQGZ89303,I,XFB769,true,2 * 2 * 2,2.8,2
NVPE16765,Pod f,EAI686,true,1 * 1 * 2,3.1,3
CJDW88942,Y y,SBW932,true,3 * 3 * 3,2.1,2
OYTZ61684,Ap d,SKW335,false,8 * 12 * 7,9.3,1
SXAR68810,Z qz,CZP990,true,1 * 2 * 2,1.1,3
GRKE70722,A nnvnoo,VDO417,true,2 * 3 * 3,1.1,1
RWUQ86206,Nmf pq,UPQ932,true,1 * 2 * 2,2.9,3
EXVN64123,Knyjpa bp,VDO417,true,2 * 3 * 3,4.2,1
VQVC40472,Hyeaszsn q,SKW335,true,1 * 2 * 2,3.0,1
OACI59264,Rhtulpml k,WAC634,true,3 * 3 * 1,0.8,3
JTGV02355,Yyn ak,WAC634,false,11 * 15 * 11,28.2,2
EODN44498,Bg l,WAC634,false,9 * 4 * 3,13.8,1
WCWE23109,H baqustsz,XKH281,false,13 * 15 * 14,16.5,1
CTXK18482,Nxf g,CFB329,false,12 * 10 * 5,25.6,2
HPPO58190,Blh p,EAI686,false,13 * 4 * 6,30.2,3
IGZS04069,Q hotz,WAC634,true,1 * 2 * 1,3.6,3
LDZO20036,K br,WAC634,false,10 * 6 * 14,33.8,3
HXOD81049,U f,BMQ511,false,6 * 10 * 4,22.8,1
GKFI01542,P nj,UPQ932,false,3 * 10 * 14,21.8,3
OYHS26704,Gfzqxfi gcs,BMQ511,true,1 * 2 * 3,3.7,3
DHAD37897,Rxgynlko sx,BMQ511,false,6 * 14 * 15,8.5,1
AGVI81784,Ojr c,EAI686,true,3 * 3 * 2,1.2,3
TFDC80880,Gwacyxh l,DFL476,true,1 * 3 * 3,2.7,3
ECYS51239,Fg uz,UPQ932,false,8 * 15 * 4,13.2,3
KLCD28472,Yq hfpxfqqg,XFB769,false,5 * 7 * 12,22.0,1
WHIS22710,Qo fnbww,SBW932,false,15 * 10 * 10,12.8,1
JUKX12744,Y ksi,SKW335,false,6 * 10 * 6,34.8,2
EIFE73674,Xyca xs,CZP990,false,3 * 9 * 4,32.8,2
HYTP68674,Luk ukgm,XFB769,true,1 * 2 * 2,2.5,1
LHSP56557,Tiife gf,CFB329,true,1 * 2 * 1,2.6,2
ETCI79221,Ljpyrzgim p,WAC634,false,6 * 5 * 15,23.0,2
SWSH46459,E q,SBW932,false,7 * 10 * 9,15.0,1
HPFO92920,Mqui mm,UPQ932,false,11 * 11 * 15,13.0,1
RUCC74168,Cxzln qfef,SKW335,true,1 * 1 * 2,3.2,3
HUTF76513,Kpdb kl,DFL476,false,9 * 4 * 4,33.8,2
QFNE24844,Weaqotddv j,DFL476,true,2 * 3 * 1,3.6,3
VOKK20897,R,WAC634,false,12 * 4 * 4,7.1,3
DWWA15558,Z e,XKH281,true,2 * 3 * 1,3.3,2
XKGD99266,U jk,UPQ932,false,14 * 14 * 8,21.6,2
YPXZ65460,P,WAC634,true,1 * 1 * 2,4.4,3
CGWL27291,M ztbtmnjhl,CFB329,true,3 * 2 * 3,2.2,1
AHVJ14364,P nae,CFB329,false,3 * 3 * 7,8.0,1
WNZY38554,L l,WAC634,true,2 * 1 * 1,4.8,1
FVGF13089,Kmm fqs,ZHF890,true,3 * 2 * 2,1.7,3
RZSR37274,Fkq as,VDO417,true,2 * 3 * 2,4.0,3
KOSG99405,Ggsymd htyc,XKH281,false,7 * 10 * 4,29.7,1
VGYY50111,H m,WAC634,false,10 * 3 * 4,9.7,3
JXIQ25260,Qqsv zb,SKW335,true,1 * 3 * 3,2.8,1
UOZQ38221,P wuzjt,SBW932,false,10 * 15 * 8,6.4,1
WDJR44200,B br,XKH281,true,3 * 1 * 2,1.2,1
TAEJ83094,U,VDO417,true,2 * 1 * 3,0.7,2
OQFY44141,Clrcp kmhz,OWE269,false,10 * 11 * 8,34.4,2
